path,dataset_type,defect_type,label,round,split
/app/data/dataset_type/NEU/defect_type/Rolled/anomaly/RS_124.bmp,NEU,Rolled,anomaly,3,train_gate_mix
/app/data/dataset_type/Kolektor/defect_type/surface_defect/normal/12242_png.rf.7cf635f9276cf5c41b61d276c963663a.jpg,Kolektor,surface_defect,normal,3,train_gate_mix
/app/data/dataset_type/Kolektor/defect_type/surface_defect/normal/10256_png.rf.9009ef6d3f52fde7276d3a5b0be6ad72.jpg,Kolektor,surface_defect,normal,3,train_gate_mix
/app/data/dataset_type/NEU/defect_type/Crazing/anomaly/Cr_156.bmp,NEU,Crazing,anomaly,3,train_gate_mix
/app/data/dataset_type/NEU/defect_type/Patches/anomaly/Pa_191.bmp,NEU,Patches,anomaly,3,train_gate_mix
/app/data/dataset_type/NEU/defect_type/Crazing/anomaly/Cr_287.bmp,NEU,Crazing,anomaly,3,train_gate_mix
/app/data/dataset_type/NEU/defect_type/Scratches/anomaly/Sc_237.bmp,NEU,Scratches,anomaly,3,train_gate_mix
/app/data/dataset_type/MVTec/defect_type/tile/normal/030.png,MVTec,tile,normal,3,train_gate_mix
/app/data/dataset_type/Kolektor/defect_type/surface_defect/anomaly/12179_png.rf.94f319b5f8dfc38f19d96567211c0280.jpg,Kolektor,surface_defect,anomaly,3,train_gate_mix
/app/data/dataset_type/Kolektor/defect_type/surface_defect/normal/11995_png.rf.2e4eaa277ccb3c6e6eba148e47e6a1a7.jpg,Kolektor,surface_defect,normal,3,train_gate_mix
/app/data/dataset_type/Kolektor/defect_type/surface_defect/normal/10464_png.rf.ce17540f001a57f0e9a21e5ac2e980ba.jpg,Kolektor,surface_defect,normal,3,train_gate_mix
/app/data/dataset_type/MVTec/defect_type/grid/normal/247.png,MVTec,grid,normal,3,train_gate_mix
/app/data/dataset_type/NEU/defect_type/Inclusion/anomaly/In_87.bmp,NEU,Inclusion,anomaly,3,train_gate_mix
/app/data/dataset_type/Kolektor/defect_type/surface_defect/normal/11698_png.rf.c71b89488f5fe9d85c07f43275674c00.jpg,Kolektor,surface_defect,normal,3,train_gate_mix
/app/data/dataset_type/Kolektor/defect_type/surface_defect/normal/11606_png.rf.e97e530105ead8d2c5b4c138eff457c3.jpg,Kolektor,surface_defect,normal,3,train_gate_mix
/app/data/dataset_type/Kolektor/defect_type/surface_defect/anomaly/11590_png.rf.563d21c3e4b6cb4232c0e6e03a1f23b7.jpg,Kolektor,surface_defect,anomaly,3,train_gate_mix
/app/data/dataset_type/NEU/defect_type/Inclusion/anomaly/In_286.bmp,NEU,Inclusion,anomaly,3,train_gate_mix
/app/data/dataset_type/Kolektor/defect_type/surface_defect/normal/11732_png.rf.1f310b6633367b647f87cb0b8cedf4de.jpg,Kolektor,surface_defect,normal,3,train_gate_mix
/app/data/dataset_type/NEU/defect_type/Inclusion/anomaly/In_48.bmp,NEU,Inclusion,anomaly,3,train_gate_mix
/app/data/dataset_type/MVTec/defect_type/metal_nut/anomaly/scratch/011.png,MVTec,metal_nut,anomaly,3,train_gate_mix
/app/data/dataset_type/Kolektor/defect_type/surface_defect/normal/11502_png.rf.5cf2a1363549300e0ef90a14aefeaec1.jpg,Kolektor,surface_defect,normal,3,train_gate_mix
/app/data/dataset_type/Kolektor/defect_type/surface_defect/normal/11377_png.rf.539a2cc6513c4b0147fbe445fcc4f679.jpg,Kolektor,surface_defect,normal,3,train_gate_mix
/app/data/dataset_type/MVTec/defect_type/grid/anomaly/glue/000.png,MVTec,grid,anomaly,3,train_gate_mix
/app/data/dataset_type/NEU/defect_type/Rolled/anomaly/RS_68.bmp,NEU,Rolled,anomaly,3,train_gate_mix
/app/data/dataset_type/Kolektor/defect_type/surface_defect/normal/20764_png.rf.5777198ad9bf931c5437aab92b50bf32.jpg,Kolektor,surface_defect,normal,3,train_gate_mix
/app/data/dataset_type/Kolektor/defect_type/surface_defect/normal/11268_png.rf.e0c09c0cdf8e7a70d45c092d3afbd0e5.jpg,Kolektor,surface_defect,normal,3,train_gate_mix
/app/data/dataset_type/NEU/defect_type/Patches/anomaly/Pa_274.bmp,NEU,Patches,anomaly,3,train_gate_mix
/app/data/dataset_type/NEU/defect_type/Patches/anomaly/Pa_131.bmp,NEU,Patches,anomaly,3,train_gate_mix
/app/data/dataset_type/NEU/defect_type/Crazing/anomaly/Cr_79.bmp,NEU,Crazing,anomaly,3,train_gate_mix
/app/data/dataset_type/NEU/defect_type/Crazing/anomaly/Cr_133.bmp,NEU,Crazing,anomaly,3,train_gate_mix
/app/data/dataset_type/NEU/defect_type/Scratches/anomaly/Sc_64.bmp,NEU,Scratches,anomaly,3,train_gate_mix
/app/data/dataset_type/Kolektor/defect_type/surface_defect/normal/10267_png.rf.78ad23d966d125667efc1e8ed836ae20.jpg,Kolektor,surface_defect,normal,3,train_gate_mix
/app/data/dataset_type/NEU/defect_type/Crazing/anomaly/Cr_148.bmp,NEU,Crazing,anomaly,3,train_gate_mix
/app/data/dataset_type/Kolektor/defect_type/surface_defect/normal/20786_png.rf.a39da4f9a500cbe2008de5df783908a7.jpg,Kolektor,surface_defect,normal,3,train_gate_mix
/app/data/dataset_type/NEU/defect_type/Rolled/anomaly/RS_222.bmp,NEU,Rolled,anomaly,3,train_gate_mix
/app/data/dataset_type/Kolektor/defect_type/surface_defect/normal/20852_png.rf.6be0f937e439f227fb9d145c7ffaaf16.jpg,Kolektor,surface_defect,normal,3,train_gate_mix
/app/data/dataset_type/Kolektor/defect_type/surface_defect/anomaly/10306_png.rf.55a4403490d64a4b6ebb7387a5ef07f0.jpg,Kolektor,surface_defect,anomaly,3,train_gate_mix
/app/data/dataset_type/Kolektor/defect_type/surface_defect/normal/11742_png.rf.e770242b47b080d195707790fe1aa3ce.jpg,Kolektor,surface_defect,normal,3,train_gate_mix
/app/data/dataset_type/Kolektor/defect_type/surface_defect/normal/20750_png.rf.ef1e57ff3f20f47be79546961a86f63e.jpg,Kolektor,surface_defect,normal,3,train_gate_mix
/app/data/dataset_type/NEU/defect_type/Scratches/anomaly/Sc_146.bmp,NEU,Scratches,anomaly,3,train_gate_mix
/app/data/dataset_type/Kolektor/defect_type/surface_defect/normal/20163_png.rf.c52a79e6cceaabe383bf1bb5c85f8def.jpg,Kolektor,surface_defect,normal,3,train_gate_mix
/app/data/dataset_type/Kolektor/defect_type/surface_defect/normal/10259_png.rf.05066ac0e05cb19e57444d9c34ff46bf.jpg,Kolektor,surface_defect,normal,3,train_gate_mix
/app/data/dataset_type/Kolektor/defect_type/surface_defect/normal/11902_png.rf.e6342ede85758ccfeb129cb394857ce2.jpg,Kolektor,surface_defect,normal,3,train_gate_mix
/app/data/dataset_type/MVTec/defect_type/tile/anomaly/glue_strip/012.png,MVTec,tile,anomaly,3,train_gate_mix
/app/data/dataset_type/Kolektor/defect_type/surface_defect/normal/12327_png.rf.00cba2f6466f646db85de859fa2b4d07.jpg,Kolektor,surface_defect,normal,3,train_gate_mix
/app/data/dataset_type/NEU/defect_type/Crazing/anomaly/Cr_97.bmp,NEU,Crazing,anomaly,3,train_gate_mix
/app/data/dataset_type/Kolektor/defect_type/surface_defect/normal/11952_png.rf.1a6cd12b79b64d2ff4a47a2821186b16.jpg,Kolektor,surface_defect,normal,3,train_gate_mix
/app/data/dataset_type/NEU/defect_type/Inclusion/anomaly/In_86.bmp,NEU,Inclusion,anomaly,3,train_gate_mix
/app/data/dataset_type/NEU/defect_type/Scratches/anomaly/Sc_207.bmp,NEU,Scratches,anomaly,3,train_gate_mix
/app/data/dataset_type/Kolektor/defect_type/surface_defect/normal/11709_png.rf.6da9ea1d71b6d7dea652c1f030c856e0.jpg,Kolektor,surface_defect,normal,3,train_gate_mix
/app/data/dataset_type/NEU/defect_type/Scratches/anomaly/Sc_246.bmp,NEU,Scratches,anomaly,3,train_gate_mix
/app/data/dataset_type/NEU/defect_type/Inclusion/anomaly/In_183.bmp,NEU,Inclusion,anomaly,3,train_gate_mix
/app/data/dataset_type/Kolektor/defect_type/surface_defect/normal/10940_png.rf.d38a7c8eb23453f554e31e3da48896b0.jpg,Kolektor,surface_defect,normal,3,train_gate_mix
/app/data/dataset_type/NEU/defect_type/Rolled/anomaly/RS_240.bmp,NEU,Rolled,anomaly,3,train_gate_mix
/app/data/dataset_type/Kolektor/defect_type/surface_defect/normal/10183_png.rf.2959011df49dc0b4d5805bcdbe6b5040.jpg,Kolektor,surface_defect,normal,3,train_gate_mix
/app/data/dataset_type/MVTec/defect_type/grid/normal/259.png,MVTec,grid,normal,3,train_gate_mix
/app/data/dataset_type/Kolektor/defect_type/surface_defect/anomaly/11195_png.rf.bb6e7180bfe42f5385f0aff85e9bd728.jpg,Kolektor,surface_defect,anomaly,3,train_gate_mix
/app/data/dataset_type/Kolektor/defect_type/surface_defect/normal/10783_png.rf.6a06432f8db84846d5b1656dc8078100.jpg,Kolektor,surface_defect,normal,3,train_gate_mix
/app/data/dataset_type/NEU/defect_type/Scratches/anomaly/Sc_46.bmp,NEU,Scratches,anomaly,3,train_gate_mix
/app/data/dataset_type/NEU/defect_type/Patches/anomaly/Pa_132.bmp,NEU,Patches,anomaly,3,train_gate_mix
/app/data/dataset_type/Kolektor/defect_type/surface_defect/normal/20900_png.rf.2d4abe70642ba9c632444415dff29f6f.jpg,Kolektor,surface_defect,normal,3,train_gate_mix
/app/data/dataset_type/NEU/defect_type/Rolled/anomaly/RS_293.bmp,NEU,Rolled,anomaly,3,train_gate_mix
/app/data/dataset_type/NEU/defect_type/Crazing/anomaly/Cr_300.bmp,NEU,Crazing,anomaly,3,train_gate_mix
/app/data/dataset_type/MVTec/defect_type/tile/normal/143.png,MVTec,tile,normal,3,train_gate_mix
/app/data/dataset_type/MVTec/defect_type/grid/anomaly/bent/006.png,MVTec,grid,anomaly,3,train_gate_mix
/app/data/dataset_type/MVTec/defect_type/grid/normal/240.png,MVTec,grid,normal,3,train_gate_mix
/app/data/dataset_type/Kolektor/defect_type/surface_defect/normal/20489_png.rf.610745a036c784ce486e47124fde704f.jpg,Kolektor,surface_defect,normal,3,train_gate_mix
/app/data/dataset_type/Kolektor/defect_type/surface_defect/normal/20414_png.rf.2998ad92b2343821484b82758e8f9233.jpg,Kolektor,surface_defect,normal,3,train_gate_mix
/app/data/dataset_type/Kolektor/defect_type/surface_defect/normal/20198_png.rf.d0e2851dde54253e42609de8f868a3f0.jpg,Kolektor,surface_defect,normal,3,train_gate_mix
/app/data/dataset_type/Kolektor/defect_type/surface_defect/normal/11346_png.rf.8ba5bf751cfcb3503f7b51e654a6f210.jpg,Kolektor,surface_defect,normal,3,train_gate_mix
/app/data/dataset_type/NEU/defect_type/Rolled/anomaly/RS_22.bmp,NEU,Rolled,anomaly,3,train_gate_mix
/app/data/dataset_type/NEU/defect_type/Crazing/anomaly/Cr_43.bmp,NEU,Crazing,anomaly,3,train_gate_mix
/app/data/dataset_type/Kolektor/defect_type/surface_defect/normal/10137_png.rf.5f5e865ed91769686c6b6351ef2e5284.jpg,Kolektor,surface_defect,normal,3,train_gate_mix
/app/data/dataset_type/Kolektor/defect_type/surface_defect/normal/20134_png.rf.6cba9506ca6a18e61de19bfb116d9110.jpg,Kolektor,surface_defect,normal,3,train_gate_mix
/app/data/dataset_type/Kolektor/defect_type/surface_defect/anomaly/11584_png.rf.14a84f3ad45c3a851f3a90868614ef17.jpg,Kolektor,surface_defect,anomaly,3,train_gate_mix
/app/data/dataset_type/MVTec/defect_type/metal_nut/anomaly/bent/005.png,MVTec,metal_nut,anomaly,3,train_gate_mix
/app/data/dataset_type/MVTec/defect_type/metal_nut/anomaly/scratch/009.png,MVTec,metal_nut,anomaly,3,train_gate_mix
/app/data/dataset_type/Kolektor/defect_type/surface_defect/normal/20788_png.rf.1118c78c291bffb03bfc437e60f1947f.jpg,Kolektor,surface_defect,normal,3,train_gate_mix
/app/data/dataset_type/Kolektor/defect_type/surface_defect/normal/10451_png.rf.ff9c59868456d66ec16b0a95f39eb306.jpg,Kolektor,surface_defect,normal,3,train_gate_mix
/app/data/dataset_type/NEU/defect_type/Pitted/anomaly/PS_184.bmp,NEU,Pitted,anomaly,3,train_gate_mix
/app/data/dataset_type/NEU/defect_type/Scratches/anomaly/Sc_72.bmp,NEU,Scratches,anomaly,3,train_gate_mix
/app/data/dataset_type/Kolektor/defect_type/surface_defect/normal/11285_png.rf.9a57a00fc774ff798bef665600d364ca.jpg,Kolektor,surface_defect,normal,3,train_gate_mix
/app/data/dataset_type/Kolektor/defect_type/surface_defect/normal/12114_png.rf.dcea600430a71b6e2c7b34e6eca80856.jpg,Kolektor,surface_defect,normal,3,train_gate_mix
/app/data/dataset_type/MVTec/defect_type/metal_nut/normal/080.png,MVTec,metal_nut,normal,3,train_gate_mix
/app/data/dataset_type/NEU/defect_type/Inclusion/anomaly/In_295.bmp,NEU,Inclusion,anomaly,3,train_gate_mix
/app/data/dataset_type/NEU/defect_type/Scratches/anomaly/Sc_293.bmp,NEU,Scratches,anomaly,3,train_gate_mix
/app/data/dataset_type/NEU/defect_type/Crazing/anomaly/Cr_261.bmp,NEU,Crazing,anomaly,3,train_gate_mix
/app/data/dataset_type/Kolektor/defect_type/surface_defect/normal/20897_png.rf.f6567056e19023a34cbf8b24692c1779.jpg,Kolektor,surface_defect,normal,3,train_gate_mix
/app/data/dataset_type/Kolektor/defect_type/surface_defect/normal/11809_png.rf.2dbcbd6b7e04da5dbe8e791688804e31.jpg,Kolektor,surface_defect,normal,3,train_gate_mix
/app/data/dataset_type/Kolektor/defect_type/surface_defect/anomaly/20517_png.rf.25d4c7de381edcb95c6fbb676b4e86ff.jpg,Kolektor,surface_defect,anomaly,3,train_gate_mix
/app/data/dataset_type/Kolektor/defect_type/surface_defect/normal/20748_png.rf.668bc9e4bc44aadff41bf2f4dd3e079e.jpg,Kolektor,surface_defect,normal,3,train_gate_mix
/app/data/dataset_type/NEU/defect_type/Pitted/anomaly/PS_142.bmp,NEU,Pitted,anomaly,3,train_gate_mix
/app/data/dataset_type/Kolektor/defect_type/surface_defect/normal/11846_png.rf.69c4073ab0da68dc395743e177a1cc96.jpg,Kolektor,surface_defect,normal,3,train_gate_mix
/app/data/dataset_type/NEU/defect_type/Pitted/anomaly/PS_181.bmp,NEU,Pitted,anomaly,3,train_gate_mix
/app/data/dataset_type/NEU/defect_type/Patches/anomaly/Pa_64.bmp,NEU,Patches,anomaly,3,train_gate_mix
/app/data/dataset_type/Kolektor/defect_type/surface_defect/anomaly/10628_png.rf.1c9534963a44ec0b8894ac926d58e814.jpg,Kolektor,surface_defect,anomaly,3,train_gate_mix
/app/data/dataset_type/MVTec/defect_type/grid/normal/258.png,MVTec,grid,normal,3,train_gate_mix
/app/data/dataset_type/Kolektor/defect_type/surface_defect/normal/11497_png.rf.e4c248b7fb7d210b21c9bc3c4f3eeed2.jpg,Kolektor,surface_defect,normal,3,train_gate_mix
/app/data/dataset_type/Kolektor/defect_type/surface_defect/normal/20947_png.rf.45d38f340d170bf0cbcd0a1d6ee08623.jpg,Kolektor,surface_defect,normal,3,train_gate_mix
/app/data/dataset_type/NEU/defect_type/Rolled/anomaly/RS_120.bmp,NEU,Rolled,anomaly,3,train_gate_mix
/app/data/dataset_type/Kolektor/defect_type/surface_defect/normal/20254_png.rf.b93d8929d86c76899b8dda13c48d330b.jpg,Kolektor,surface_defect,normal,3,train_gate_mix
/app/data/dataset_type/Kolektor/defect_type/surface_defect/normal/20023_png.rf.1cbd0ca44c62af54b64700bca20605b3.jpg,Kolektor,surface_defect,normal,3,train_gate_mix
/app/data/dataset_type/MVTec/defect_type/tile/normal/131.png,MVTec,tile,normal,3,train_gate_mix
/app/data/dataset_type/Kolektor/defect_type/surface_defect/normal/10004_png.rf.bc8d60fecf343b03c2eeb5ea442b173d.jpg,Kolektor,surface_defect,normal,3,train_gate_mix
/app/data/dataset_type/Kolektor/defect_type/surface_defect/normal/11926_png.rf.ad57aee56c2ea1038ec9ed608c80064c.jpg,Kolektor,surface_defect,normal,3,train_gate_mix
/app/data/dataset_type/Kolektor/defect_type/surface_defect/anomaly/20848_png.rf.e1ea60aac05091ddb10029cb4c156e50.jpg,Kolektor,surface_defect,anomaly,3,train_gate_mix
/app/data/dataset_type/Kolektor/defect_type/surface_defect/normal/12082_png.rf.455f2fd2f6e77fe8a7fa9491f21737a7.jpg,Kolektor,surface_defect,normal,3,train_gate_mix
/app/data/dataset_type/Kolektor/defect_type/surface_defect/normal/20999_png.rf.29daf09594889326bd9574b4838fe8d8.jpg,Kolektor,surface_defect,normal,3,train_gate_mix
/app/data/dataset_type/NEU/defect_type/Rolled/anomaly/RS_48.bmp,NEU,Rolled,anomaly,3,train_gate_mix
/app/data/dataset_type/Kolektor/defect_type/surface_defect/normal/10380_png.rf.d264bce1ebe495f0ada94a739b4b5b18.jpg,Kolektor,surface_defect,normal,3,train_gate_mix
/app/data/dataset_type/NEU/defect_type/Scratches/anomaly/Sc_250.bmp,NEU,Scratches,anomaly,3,train_gate_mix
/app/data/dataset_type/Kolektor/defect_type/surface_defect/anomaly/11574_png.rf.20be1a23d7b1e220f9d421d7b73c1d63.jpg,Kolektor,surface_defect,anomaly,3,train_gate_mix
/app/data/dataset_type/NEU/defect_type/Inclusion/anomaly/In_72.bmp,NEU,Inclusion,anomaly,3,train_gate_mix
/app/data/dataset_type/Kolektor/defect_type/surface_defect/normal/12276_png.rf.ffdc209ae83a5db5250660c5409b3beb.jpg,Kolektor,surface_defect,normal,3,train_gate_mix
/app/data/dataset_type/MVTec/defect_type/grid/anomaly/thread/003.png,MVTec,grid,anomaly,3,train_gate_mix
/app/data/dataset_type/NEU/defect_type/Rolled/anomaly/RS_204.bmp,NEU,Rolled,anomaly,3,train_gate_mix
/app/data/dataset_type/MVTec/defect_type/metal_nut/normal/004.png,MVTec,metal_nut,normal,3,train_gate_mix
/app/data/dataset_type/Kolektor/defect_type/surface_defect/normal/11954_png.rf.622bbab83ae5783ebf66f5e609af6e9a.jpg,Kolektor,surface_defect,normal,3,train_gate_mix
/app/data/dataset_type/Kolektor/defect_type/surface_defect/normal/10784_png.rf.f92b61bb65489e64e7ac3a75a2bab48a.jpg,Kolektor,surface_defect,normal,3,train_gate_mix
/app/data/dataset_type/NEU/defect_type/Crazing/anomaly/Cr_224.bmp,NEU,Crazing,anomaly,3,train_gate_mix
/app/data/dataset_type/MVTec/defect_type/metal_nut/normal/045.png,MVTec,metal_nut,normal,3,train_gate_mix
/app/data/dataset_type/Kolektor/defect_type/surface_defect/anomaly/11917_png.rf.0156b179a3162d1f889e18ad0824fc4d.jpg,Kolektor,surface_defect,anomaly,3,train_gate_mix
/app/data/dataset_type/NEU/defect_type/Patches/anomaly/Pa_120.bmp,NEU,Patches,anomaly,3,train_gate_mix
/app/data/dataset_type/Kolektor/defect_type/surface_defect/normal/20385_png.rf.edd6f54f1e5a72e30be3f80529b4aa2a.jpg,Kolektor,surface_defect,normal,3,train_gate_mix
/app/data/dataset_type/Kolektor/defect_type/surface_defect/normal/11594_png.rf.f7890fa1e8f79808b56c36d7878e4941.jpg,Kolektor,surface_defect,normal,3,train_gate_mix
/app/data/dataset_type/Kolektor/defect_type/surface_defect/normal/12186_png.rf.dc0b7f457b3788cfccfad4987cdb27c0.jpg,Kolektor,surface_defect,normal,3,train_gate_mix
/app/data/dataset_type/Kolektor/defect_type/surface_defect/normal/11131_png.rf.b3b20abc1930f53e0dd3c1d9ab9ce36c.jpg,Kolektor,surface_defect,normal,3,train_gate_mix
/app/data/dataset_type/Kolektor/defect_type/surface_defect/normal/20086_png.rf.ba423d59438bce408662213796d97930.jpg,Kolektor,surface_defect,normal,3,train_gate_mix
/app/data/dataset_type/MVTec/defect_type/grid/normal/017.png,MVTec,grid,normal,3,train_gate_mix
/app/data/dataset_type/NEU/defect_type/Scratches/anomaly/Sc_37.bmp,NEU,Scratches,anomaly,3,train_gate_mix
/app/data/dataset_type/NEU/defect_type/Pitted/anomaly/PS_69.bmp,NEU,Pitted,anomaly,3,train_gate_mix
/app/data/dataset_type/NEU/defect_type/Rolled/anomaly/RS_250.bmp,NEU,Rolled,anomaly,3,train_gate_mix
/app/data/dataset_type/Kolektor/defect_type/surface_defect/normal/11671_png.rf.267f4437b4f50077ceb2d052b9b6d9d1.jpg,Kolektor,surface_defect,normal,3,train_gate_mix
/app/data/dataset_type/MVTec/defect_type/tile/normal/169.png,MVTec,tile,normal,3,train_gate_mix
/app/data/dataset_type/NEU/defect_type/Rolled/anomaly/RS_242.bmp,NEU,Rolled,anomaly,3,train_gate_mix
/app/data/dataset_type/NEU/defect_type/Pitted/anomaly/PS_229.bmp,NEU,Pitted,anomaly,3,train_gate_mix
/app/data/dataset_type/NEU/defect_type/Pitted/anomaly/PS_70.bmp,NEU,Pitted,anomaly,3,train_gate_mix
/app/data/dataset_type/NEU/defect_type/Inclusion/anomaly/In_240.bmp,NEU,Inclusion,anomaly,3,train_gate_mix
/app/data/dataset_type/Kolektor/defect_type/surface_defect/normal/11112_png.rf.c1d39944d93ade54c734457d2d0689dc.jpg,Kolektor,surface_defect,normal,3,train_gate_mix
/app/data/dataset_type/Kolektor/defect_type/surface_defect/anomaly/20535_png.rf.22ff26fe46cad6877141200aca333039.jpg,Kolektor,surface_defect,anomaly,3,train_gate_mix
/app/data/dataset_type/MVTec/defect_type/tile/anomaly/rough/002.png,MVTec,tile,anomaly,3,train_gate_mix
/app/data/dataset_type/Kolektor/defect_type/surface_defect/normal/11223_png.rf.fe657af6dd3f2494736b3e4188f1ea3f.jpg,Kolektor,surface_defect,normal,3,train_gate_mix
/app/data/dataset_type/NEU/defect_type/Rolled/anomaly/RS_74.bmp,NEU,Rolled,anomaly,3,train_gate_mix
/app/data/dataset_type/NEU/defect_type/Rolled/anomaly/RS_51.bmp,NEU,Rolled,anomaly,3,train_gate_mix
/app/data/dataset_type/MVTec/defect_type/metal_nut/normal/026.png,MVTec,metal_nut,normal,3,train_gate_mix
/app/data/dataset_type/NEU/defect_type/Crazing/anomaly/Cr_141.bmp,NEU,Crazing,anomaly,3,train_gate_mix
/app/data/dataset_type/MVTec/defect_type/metal_nut/normal/119.png,MVTec,metal_nut,normal,3,train_gate_mix
/app/data/dataset_type/MVTec/defect_type/metal_nut/normal/050.png,MVTec,metal_nut,normal,3,train_gate_mix
/app/data/dataset_type/MVTec/defect_type/metal_nut/anomaly/scratch/014.png,MVTec,metal_nut,anomaly,3,train_gate_mix
/app/data/dataset_type/NEU/defect_type/Inclusion/anomaly/In_298.bmp,NEU,Inclusion,anomaly,3,train_gate_mix
/app/data/dataset_type/Kolektor/defect_type/surface_defect/anomaly/10266_png.rf.da1203e7305542a0b32297df031c4078.jpg,Kolektor,surface_defect,anomaly,3,train_gate_mix
/app/data/dataset_type/Kolektor/defect_type/surface_defect/anomaly/10402_png.rf.f3c3306f450ddf3ef8b7d4c9ac69383b.jpg,Kolektor,surface_defect,anomaly,3,train_gate_mix
/app/data/dataset_type/MVTec/defect_type/tile/normal/223.png,MVTec,tile,normal,3,train_gate_mix
/app/data/dataset_type/MVTec/defect_type/grid/normal/106.png,MVTec,grid,normal,3,train_gate_mix
/app/data/dataset_type/Kolektor/defect_type/surface_defect/normal/10722_png.rf.d86dd8dccf83f2ae10a6b8337d1c1fb9.jpg,Kolektor,surface_defect,normal,3,train_gate_mix
/app/data/dataset_type/NEU/defect_type/Crazing/anomaly/Cr_178.bmp,NEU,Crazing,anomaly,3,train_gate_mix
/app/data/dataset_type/Kolektor/defect_type/surface_defect/normal/10111_png.rf.6bec9de987ac58ba142a15b8aa1d4844.jpg,Kolektor,surface_defect,normal,3,train_gate_mix
/app/data/dataset_type/Kolektor/defect_type/surface_defect/normal/11736_png.rf.cd777a293aac61d097eafda45dad71a1.jpg,Kolektor,surface_defect,normal,3,train_gate_mix
/app/data/dataset_type/Kolektor/defect_type/surface_defect/normal/10381_png.rf.8bf8454cd279dba43d7e5724f8b5e6bc.jpg,Kolektor,surface_defect,normal,3,train_gate_mix
/app/data/dataset_type/NEU/defect_type/Crazing/anomaly/Cr_214.bmp,NEU,Crazing,anomaly,3,train_gate_mix
/app/data/dataset_type/NEU/defect_type/Scratches/anomaly/Sc_128.bmp,NEU,Scratches,anomaly,3,train_gate_mix
/app/data/dataset_type/MVTec/defect_type/grid/normal/251.png,MVTec,grid,normal,3,train_gate_mix
/app/data/dataset_type/Kolektor/defect_type/surface_defect/normal/11633_png.rf.0c3a074256d279f9991680d817b9c3b4.jpg,Kolektor,surface_defect,normal,3,train_gate_mix
/app/data/dataset_type/Kolektor/defect_type/surface_defect/normal/11442_png.rf.bcb86337cb1c6c87bde6e8d45076af4b.jpg,Kolektor,surface_defect,normal,3,train_gate_mix
/app/data/dataset_type/MVTec/defect_type/tile/anomaly/glue_strip/006.png,MVTec,tile,anomaly,3,train_gate_mix
/app/data/dataset_type/Kolektor/defect_type/surface_defect/normal/10262_png.rf.673f9d8b79d352d14f4749c6e332ec4b.jpg,Kolektor,surface_defect,normal,3,train_gate_mix
/app/data/dataset_type/NEU/defect_type/Crazing/anomaly/Cr_6.bmp,NEU,Crazing,anomaly,3,train_gate_mix
/app/data/dataset_type/NEU/defect_type/Crazing/anomaly/Cr_40.bmp,NEU,Crazing,anomaly,3,train_gate_mix
/app/data/dataset_type/Kolektor/defect_type/surface_defect/normal/11794_png.rf.711666231c80bfe8f896ce9115f35ff4.jpg,Kolektor,surface_defect,normal,3,train_gate_mix
/app/data/dataset_type/NEU/defect_type/Rolled/anomaly/RS_167.bmp,NEU,Rolled,anomaly,3,train_gate_mix
/app/data/dataset_type/Kolektor/defect_type/surface_defect/normal/10662_png.rf.e4759d4200bf7d7bf680ac9bcad01296.jpg,Kolektor,surface_defect,normal,3,train_gate_mix
/app/data/dataset_type/MVTec/defect_type/metal_nut/anomaly/scratch/002.png,MVTec,metal_nut,anomaly,3,train_gate_mix
/app/data/dataset_type/MVTec/defect_type/grid/normal/068.png,MVTec,grid,normal,3,train_gate_mix
/app/data/dataset_type/Kolektor/defect_type/surface_defect/normal/11073_png.rf.30e02645c609a5280934b55a0e0f6a03.jpg,Kolektor,surface_defect,normal,3,train_gate_mix
/app/data/dataset_type/MVTec/defect_type/tile/anomaly/rough/008.png,MVTec,tile,anomaly,3,train_gate_mix
/app/data/dataset_type/Kolektor/defect_type/surface_defect/normal/10342_png.rf.de10072a95601b2549f1af2aa9e5133e.jpg,Kolektor,surface_defect,normal,3,train_gate_mix
/app/data/dataset_type/Kolektor/defect_type/surface_defect/anomaly/12191_png.rf.cae06d0a182cc05019e1b11632390145.jpg,Kolektor,surface_defect,anomaly,3,train_gate_mix
/app/data/dataset_type/MVTec/defect_type/grid/anomaly/metal_contamination/007.png,MVTec,grid,anomaly,3,train_gate_mix
/app/data/dataset_type/MVTec/defect_type/tile/anomaly/glue_strip/010.png,MVTec,tile,anomaly,3,train_gate_mix
/app/data/dataset_type/NEU/defect_type/Rolled/anomaly/RS_57.bmp,NEU,Rolled,anomaly,3,train_gate_mix
/app/data/dataset_type/Kolektor/defect_type/surface_defect/anomaly/12201_png.rf.5978f7969cc303cca66b06a52159471b.jpg,Kolektor,surface_defect,anomaly,3,train_gate_mix
/app/data/dataset_type/Kolektor/defect_type/surface_defect/normal/12209_png.rf.fffb8c9251e500413a8e8baf2eccdc55.jpg,Kolektor,surface_defect,normal,3,train_gate_mix
/app/data/dataset_type/Kolektor/defect_type/surface_defect/normal/11235_png.rf.5acb75cdd2f33cc68a8cd11726334139.jpg,Kolektor,surface_defect,normal,3,train_gate_mix
/app/data/dataset_type/NEU/defect_type/Inclusion/anomaly/In_75.bmp,NEU,Inclusion,anomaly,3,train_gate_mix
/app/data/dataset_type/Kolektor/defect_type/surface_defect/normal/10130_png.rf.4ce9abfda4fdfedb0b2fd82b3760df2b.jpg,Kolektor,surface_defect,normal,3,train_gate_mix
/app/data/dataset_type/Kolektor/defect_type/surface_defect/normal/10473_png.rf.02fe34abd6346b8aadcc219b52073b76.jpg,Kolektor,surface_defect,normal,3,train_gate_mix
/app/data/dataset_type/Kolektor/defect_type/surface_defect/normal/11340_png.rf.0608e0dfc76282e4999e068ab4276f35.jpg,Kolektor,surface_defect,normal,3,train_gate_mix
/app/data/dataset_type/Kolektor/defect_type/surface_defect/normal/20413_png.rf.4568f798d13fcf76d62afcdfdcaa5109.jpg,Kolektor,surface_defect,normal,3,train_gate_mix
/app/data/dataset_type/Kolektor/defect_type/surface_defect/normal/10272_png.rf.891acceff6ba98f04638db6515dd1cf3.jpg,Kolektor,surface_defect,normal,3,train_gate_mix
/app/data/dataset_type/MVTec/defect_type/grid/normal/208.png,MVTec,grid,normal,3,train_gate_mix
/app/data/dataset_type/NEU/defect_type/Patches/anomaly/Pa_205.bmp,NEU,Patches,anomaly,3,train_gate_mix
/app/data/dataset_type/Kolektor/defect_type/surface_defect/normal/11686_png.rf.b9f527a2b4893b262df306a30ef9d29d.jpg,Kolektor,surface_defect,normal,3,train_gate_mix
/app/data/dataset_type/Kolektor/defect_type/surface_defect/normal/20508_png.rf.df32337548ff6d10d6b92df2b5e2e259.jpg,Kolektor,surface_defect,normal,3,train_gate_mix
/app/data/dataset_type/NEU/defect_type/Rolled/anomaly/RS_261.bmp,NEU,Rolled,anomaly,3,train_gate_mix
/app/data/dataset_type/NEU/defect_type/Crazing/anomaly/Cr_52.bmp,NEU,Crazing,anomaly,3,train_gate_mix
/app/data/dataset_type/NEU/defect_type/Crazing/anomaly/Cr_190.bmp,NEU,Crazing,anomaly,3,train_gate_mix
/app/data/dataset_type/NEU/defect_type/Crazing/anomaly/Cr_108.bmp,NEU,Crazing,anomaly,3,train_gate_mix
/app/data/dataset_type/NEU/defect_type/Rolled/anomaly/RS_30.bmp,NEU,Rolled,anomaly,3,train_gate_mix
/app/data/dataset_type/NEU/defect_type/Pitted/anomaly/PS_275.bmp,NEU,Pitted,anomaly,3,train_gate_mix
/app/data/dataset_type/NEU/defect_type/Pitted/anomaly/PS_63.bmp,NEU,Pitted,anomaly,3,train_gate_mix
